id,policy_text,best_article_number,heuristic_score,semantic_score,combined_score,combined_label,llm_assessment
www_figma_com_privacy_001,privacy policy skip to main content products solutions community resources pricing log in contact sales get started get started for free figma design design and prototype in one place dev mode translate designs into code figjam collaborate with a digital whiteboard figma slides co-create presentatio...,14,0.583,0.154,0.412,Partially compliant,"(Local LLM error: Command '['ollama', 'run', 'mistral']' timed out after 120 seconds)"
www_webmd_com_privacy_001,webmd privacy policy skip to main content home conditions back conditions view all add/adhd allergies arthritis atrial fibrillation breast cancer cancer crohns disease depression diabetes dvt eczema eye health heart disease hiv  aids lung disease lupus mental health multiple sclerosis migraine pain ...,14,0.667,0.067,0.427,Partially compliant,"(Local LLM error: Command '['ollama', 'run', 'mistral']' timed out after 120 seconds)"
www_hsbc_com_privacy_001,"privacy notices  safeguard your data  hsbc holdings plc skip to: skip to primary navigation skip to main content skip to footer menu who we are skip to investors who we are founded in 1865, hsbc is one of the worlds largest banking and financial services organisations. go to this section main menu w...",14,0.667,0.075,0.43,Partially compliant,"(Local LLM error: Command '['ollama', 'run', 'mistral']' timed out after 120 seconds)"
www_marriott_com_privacy_001,privacy center skip to content open menu marriott bonvoy help english my trips sign in or join sign in or join sign in join sign in to your account close dialog email or member number email or member number password remember me sign in forgot password  clear remembered account activate online accoun...,14,0.792,0.154,0.537,Partially compliant,"(Local LLM error: Command '['ollama', 'run', 'mistral']' timed out after 120 seconds)"
www_australia_gov_au_privacy_001,find government payments and services  mygov skip to main content browse search menu help raising kids living arrangements ageing work education health and disability home find government payments and services about mygov help using mygov contact us share feedback mygov user audit raising kids livin...,72,0.417,0.038,0.265,Likely non-compliant,"(Local LLM error: Command '['ollama', 'run', 'mistral']' timed out after 120 seconds)"
wordpress_org_privacy_001,privacy  wordpress.org wordpress.org news showcase hosting extend themes plugins patterns blocks openverse   learn learn wordpress documentation forums developers wordpress.tv   community make wordpress photo directory five for the future events job board   about about wordpress enterprise gutenberg...,13,0.542,0.06,0.349,Partially compliant,"(Local LLM error: Command '['ollama', 'run', 'mistral']' timed out after 120 seconds)"
www_walmart_com_privacy_001,"robot or human? robot or human? activate and hold the button to confirm that youre human. thank you! terms of use privacy policy do not sell my personal information request my personal information  walmart stores, inc.",14,0.333,0.055,0.222,Likely non-compliant,"{
  ""gdpr_article"": ""Art. 13 (0.05)"",
  ""compliance_label"": ""Partially compliant"",
  ""explanation"": ""The paragraph provides a notice about data collection through the interaction with the button, but it does not specify the purpose of processing, the legal basis for processing, or the recipients or categories of recipients of the personal data. These elements are required by Article 13 to ensure transparency and fairness.""
}"
ec_europa_eu_privacy_001,privacy policy for websites managed by the european commission - european commission skip to main content en select your language close bg български es español cs čeština da dansk de deutsch et eesti el ελληνικά en english fr français ga gaeilge hr hrvatski it italiano lv latviešu lt lietuvių hu mag...,13,0.875,0.146,0.583,Likely compliant,"(Local LLM error: Command '['ollama', 'run', 'mistral']' timed out after 120 seconds)"
www_ox_ac_uk_privacy_001,privacy policy - website  university of oxford skip to main content home home search admissions undergraduate graduate lifelong learning research engage with us support for researchers using research to engage recognition news  events events pulse features oxford profiles filming in oxford find an e...,13,0.667,0.193,0.477,Partially compliant,"(Local LLM error: Command '['ollama', 'run', 'mistral']' timed out after 120 seconds)"
www_metlife_com_privacy_001,welcome to metlifes privacy center skip navigation solutions support about us resources log in search log in search solutions insurance business and brokers metlife investment management retirement  income solutions insurance enhance your health coverage dental vision pet insurance protect your fina...,88,0.458,0.036,0.289,Likely non-compliant,"(Local LLM error: Command '['ollama', 'run', 'mistral']' timed out after 120 seconds)"
www_aig_com_privacy_001,"privacy policy  aig us skip to main content javascript has been disabled on this browser. for a seamless experience, please enable the option to run javascript on this device back risk solutions  risk solutions at aig, we give our clients and partners the confidence to look ahead knowing that they h...",14,0.5,0.089,0.335,Partially compliant,"(Local LLM error: Command '['ollama', 'run', 'mistral']' timed out after 120 seconds)"
www_visa_co_uk_privacy_001,"visa privacy centre  visa visa privacy centre global privacy notice visa cookie notice local country/territory page visa privacy center visa values your trust and respects your privacy. this privacy center will help you understand how we collect, use, and share your personal information. you can als...",14,0.542,0.038,0.34,Partially compliant,"(Local LLM error: Command '['ollama', 'run', 'mistral']' timed out after 120 seconds)"
www_netflix_com_privacy_001,"privacy statement  netflix help center help center join netflix sign in help center back to help home print contacting us section a: our collection, use, and disclosure of personal information the categories of personal information we collect where we collect personal information from how we use you...",14,0.875,0.088,0.56,Likely compliant,"(Local LLM error: Command '['ollama', 'run', 'mistral']' timed out after 120 seconds)"
www_cam_ac_uk_privacy_001,privacy policy  university of cambridge study at cambridge about the university research at cambridge for cambridge students for staff for alumni for our researchers business and enterprise colleges and departments give to cambridge libraries museums and collections search search study at cambridge ...,14,0.625,0.11,0.419,Partially compliant,"(Local LLM error: Command '['ollama', 'run', 'mistral']' timed out after 120 seconds)"
www_whitehouse_gov_privacy_001,privacy  the white house menu president donald j. trump the white house search news articles briefings  statements fact sheets presidential actions executive orders nominations  appointments presidential memoranda proclamations remarks administration donald j. trump jd vance melania trump usha vance...,14,0.625,0.065,0.401,Partially compliant,"(Local LLM error: Command '['ollama', 'run', 'mistral']' timed out after 120 seconds)"
www_booking_com_privacy_001,booking.com: privacy  cookie statement. skip to main content gbp choose your currency. your current currency is pound sterling choose your language. your current language is english (uk) get help with your reservation list your property register sign in stays flights flight  hotel car rental attract...,13,0.792,0.197,0.554,Likely compliant,"(Local LLM error: Command '['ollama', 'run', 'mistral']' timed out after 120 seconds)"
www_kayak_com_privacy_001,kayak - privacy policy skip to main content sign in flights stays cars packages ai mode plan your trip explore flight tracker travel tips kayak for business new trips english search for a country or language argentina australia belgique (français) belgië (nederlands) bolivia brasil canada (english) ...,14,0.708,0.154,0.487,Partially compliant,"(Local LLM error: Command '['ollama', 'run', 'mistral']' timed out after 120 seconds)"
www_gov_uk_privacy_001,"privacy notice - gov.uk cookies on gov.uk we use some essential cookies to make this website work. wed like to set additional cookies to understand how you use gov.uk, remember your settings and improve government services. we also use cookies set by other sites to help us deliver content from their...",13,0.667,0.147,0.459,Partially compliant,"(Local LLM error: Command '['ollama', 'run', 'mistral']' timed out after 120 seconds)"
www_shopify_com_privacy_001,shopify privacy policy - shopify skip to content solutions start start your business . build your brand create your website . online store editor customize your store . store themes find business apps . shopify app store own your site domain . domains  hosting explore free business tools . tools to ...,14,0.875,0.125,0.575,Likely compliant,"(Local LLM error: Command '['ollama', 'run', 'mistral']' timed out after 120 seconds)"
www_ryanair_com_privacy_001,privacy policy skip to main content plan faqs my bookings log in myryanair portal effective date: 24 march 2025 2025 â ryanair dac. all rights reserved. a card payment processing fee may be applied to your booking. this fee will be reflected in the total price once the card number has been entered. ...,87,0.417,0.04,0.266,Likely non-compliant,"{
  ""gdpr_article"": ""Art. 87"",
  ""compliance_label"": ""Partially compliant"",
  ""explanation"": ""The policy provides the effective date and a link to the General Terms & Conditions of Carriage, Privacy Policy, and Cookies, which aligns with Art. 87 (Information to be provided where personal data are collected from the data subject). However, it does not explicitly state the purpose of processing, the identity of the Controller, or the legal basis for processing, which are required elements as per the Article.""
}

{
  ""gdpr_article"": ""Art. 44"",
  ""compliance_label"": ""Non-compliant"",
  ""explanation"": ""The policy does not mention any data transfer to third countries or international organizations, which is a requirement according to Art. 44 (Transfers of personal data to recipients in third countries or international organizations).""
}

{
  ""gdpr_article"": ""Art. 83"",
  ""compliance_label"": ""Compliant"",
  ""explanation"": ""The policy provides a link to the General Terms & Conditions of Carriage, Privacy Policy, and Cookies, which includes information on card payment processing fees, aligning with Art. 83 (Right to obtain a copy and information about the personal data processed).""
}"
www_emirates_com_privacy_001,privacy policy  emirates website policy and information  emirates skip to the main content accessibility information book book about booking online search flights manage search flights experience search flights where we fly search flights loyalty search flights help search flights global search menu...,14,0.75,0.165,0.516,Partially compliant,"(Local LLM error: Command '['ollama', 'run', 'mistral']' timed out after 120 seconds)"
www_apple_com_privacy_001,legal - apple privacy policy - apple apple store mac ipad iphone watch vision airpods tv  home entertainment accessories support 0  privacy local nav open menu local nav close menu overview features control labels transparency report privacy policy english choose your preferred language apple privac...,13,0.792,0.172,0.544,Partially compliant,"(Local LLM error: Command '['ollama', 'run', 'mistral']' timed out after 120 seconds)"
cloudflare_privacy_001,"cloudflare privacy policy this privacy policy is effective as of july 08, 2025. we have updated our april 22, 2025 privacy policy to disclose cloudflares certification to the global cbpr (cross-border privacy rules) and global prp (privacy recognition for processors) systems for the transfer of pers...",14,0.75,0.147,0.509,Partially compliant,"(Local LLM error: Command '['ollama', 'run', 'mistral']' timed out after 120 seconds)"
www_nytimes_com_privacy_001,the new york times company privacy policy - the new york times help center help center your account  nytimes.com help  permissions and policies  policies the new york times company privacy policy table of contents 1. what information do we gather about you? 1. (a) information collected through times...,14,0.708,0.139,0.481,Partially compliant,"(Local LLM error: Command '['ollama', 'run', 'mistral']' timed out after 120 seconds)"
www_ibm_com_privacy_001,ibm privacy statement home privacy ibm privacy statement this privacy statement is effective as of 26 august 2025 contact us introduction at ibm we value your privacy and are committed to protecting and processing your personal information responsibly. this privacy statement describes how ibm collec...,14,0.708,0.133,0.478,Partially compliant,"(Local LLM error: Command '['ollama', 'run', 'mistral']' timed out after 120 seconds)"
www_myfitnesspal_com_privacy_001,"privacy policy  myfitnesspal log in sign up exercise apps community blog premium myfitnesspal privacy policy effective date: march 18, 2025 hello! during your time with myfitnesspal, youâll discover the impact of your food choices and how to build healthier habits that support your goals. itâs a ver...",14,0.625,0.177,0.446,Partially compliant,"(Local LLM error: Command '['ollama', 'run', 'mistral']' timed out after 120 seconds)"
namecheap_privacy_001,"namecheap privacy policy namecheap is a leader in online privacy rights. we have created this privacy statement in order to demonstrate our commitment to you, our customer, through transparent, easy-to-understand information regarding our data practices. you will understand what we collect, why we c...",14,0.625,0.125,0.425,Partially compliant,"(Local LLM error: Command '['ollama', 'run', 'mistral']' timed out after 120 seconds)"
www_intuit_com_privacy_001,"intuit privacy: turbotax, credit karma, quickbooks, and mailchimp privacy  security your privacy privacy statements security center responsible ai faq contact us overview protect your privacy do not call policy for consumers english français français (canada) español for applicants  employees englis...",14,0.417,0.056,0.272,Likely non-compliant,"(Local LLM error: Command '['ollama', 'run', 'mistral']' timed out after 120 seconds)"
www_barclays_co_uk_privacy_001,control your privacy and data  gdpr  barclays skip to: main content barclays home personal close menu premier business wealth management corporate private bank international banking close contact us find barclays search log in menu accounts back accounts accounts compare current accounts barclays ba...,15,0.625,0.197,0.454,Partially compliant,"(Local LLM error: Command '['ollama', 'run', 'mistral']' timed out after 120 seconds)"
anthropic_com_privacy_001,"privacy policy  anthropic skip to main content skip to footer research economic futures commitments learn news try claude privacy policy effective october 8, 2025 previous version english anthropic is an ai safety and research company working to build reliable, interpretable, and steerable ai system...",14,0.792,0.261,0.579,Likely compliant,"(Local LLM error: Command '['ollama', 'run', 'mistral']' timed out after 120 seconds)"
canva_com_privacy_001,privacy policy your browser is not supported and may not give the best experience. loading design digital design canva visual suite sheets docs whiteboards presentations social photo editor videos print websites popular in digital design resumes logos infographics graphs and charts draw pdf editor a...,14,0.625,0.09,0.411,Partially compliant,"(Local LLM error: Command '['ollama', 'run', 'mistral']' timed out after 120 seconds)"
www_github_com_privacy_001,github privacy  github skip to content navigation menu toggle navigation sign in appearance settings privacy platform github copilot write better code with ai github spark new build and deploy intelligent apps github models new manage and compare prompts github advanced security find and fix vulnera...,41,0.458,0.034,0.289,Likely non-compliant,"(Local LLM error: Command '['ollama', 'run', 'mistral']' timed out after 120 seconds)"
www_spotify_com_privacy_001,"oh no! spotify this page got tripped up there was an error and we couldnt load the page. you could try refreshing or go back . if all else fails, why not go for a dance and come back later? spotify select country  2025 spotify ab",45,0.333,0.027,0.211,Likely non-compliant,"{
  ""gdpr_article"": ""Art. 48"",
  ""compliance_label"": ""Non-compliant"",
  ""explanation"": ""The provided paragraph does not clearly inform the user about their rights or provide a method for contacting the data controller in case of issues, which is a requirement under GDPR Article 48.""
}"
www_ebay_com_privacy_001,"security measure  ebay skip to main content ebay home please verify yourself to continue error to keep ebay a safe place to buy and sell, we will occasionally ask you to verify yourself. this helps us to block unauthorized users from entering our site. please verify yourself view accessibility optio...",23,0.417,0.027,0.261,Likely non-compliant,"{
  ""gdpr_article"": ""Art. 18"",
  ""compliance_label"": ""Partially compliant"",
  ""explanation"": ""The paragraph mentions the right of the user to access and correct their personal data (rights in Art. 15 and Art. 16), but it does not explicitly state how users can exercise these rights, as required by Art. 18. However, providing links to 'user agreement', 'privacy' and 'consumer health data' sections indirectly refers to the process of accessing, correcting or deleting personal data.""
}"
www_pfizer_com_privacy_001,"u.s. privacy policy  pfizer sorry, you need to enable javascript to visit this website. skip to main content science clinical trials guide to clinical trials clinical trials in children data and results integrity and transparency diversity plain language study results expanded access  compassionate ...",14,0.708,0.21,0.509,Partially compliant,"(Local LLM error: Command '['ollama', 'run', 'mistral']' timed out after 120 seconds)"
www_edx_org_privacy_001,edx privacy policy  edx learn search most popular programs cs50s introduction to computer science harvardx  course artificial intelligence: implications for business strategy mit sloan school of management  executive education supply chain dynamics mitx  course computing in python iii: data structur...,14,0.708,0.076,0.456,Partially compliant,"(Local LLM error: Command '['ollama', 'run', 'mistral']' timed out after 120 seconds)"
www_accor_com_privacy_001,accor group book now open in a new tab find a job open in a new tab search ac 00.000 0.00% en who we are who we are accor at a glance what drives us people at our heart people at our heart people at our heart our heartist ethos career growth  development our culture of inclusion community engagement...,47,0.375,0.009,0.229,Likely non-compliant,"(Local LLM error: Command '['ollama', 'run', 'mistral']' timed out after 120 seconds)"
www_oracle_com_privacy_001,privacy @ oracle  oracle skip to content accessibility policy products industries resources customers partners developers company close search search oracle.com quick links oracle cloud infrastructure oracle fusion cloud applications oracle database download java careers at oracle search country vie...,14,0.417,0.052,0.271,Likely non-compliant,"{
  ""gdpr_article"": ""Art. 13"",
  ""compliance_label"": ""Partially compliant"",
  ""explanation"": ""While the privacy policy provides a general overview of the different ways personal information may be collected, used, shared and processed by different Oracle lines of business, it does not clearly specify what specific personal data is being collected, why it's necessary, or the legal basis for processing. As per Art. 13(1)(a), individuals should be informed of the collection and use of their personal data, including the purpose of the processing, at the time of data collection.""
}

{
  ""gdpr_article"": ""Art. 14"",
  ""compliance_label"": ""Compliant"",
  ""explanation"": ""The privacy policy informs individuals about the different ways their personal information may be collected, used, shared and processed by different Oracle lines of business. As per Art. 14, individuals have the right to be informed about their personal data when it's not obtained directly from them, which seems to be covered in the various privacy policies listed.""
}

{
  ""gdpr_article"": ""Art. 15"",
  ""compliance_label"": ""Compliant"",
  ""explanation"": ""The privacy policy provides a means for individuals to exercise their right to access, delete, correct, remove or limit the use of their personal data. As per Art. 15, individuals have the right to obtain confirmation as to whether or not personal data concerning them is being processed, and where that is the case, access to the personal data.""
}"
www_novartis_com_privacy_001,novartis privacy hub  novartis skip to main content search site search global  en choose location international americas asia pacific europe middle east  africa global  english novartis foundation  english argentina  español brazil  português canada  english canada  français central america  español...,4,0.625,0.052,0.396,Partially compliant,"(Local LLM error: Command '['ollama', 'run', 'mistral']' timed out after 120 seconds)"
stripe_com_privacy_001,privacy policy stripe logo stripe services agreement stripe connect platform agreement account agreement products and programmes stripe atlas stripe adaptive pricing stripe climate climate contribution terms stripe corporate card stripe customer portal stripe data pipeline stripe financial connectio...,13,0.625,0.248,0.474,Partially compliant,"(Local LLM error: Command '['ollama', 'run', 'mistral']' timed out after 120 seconds)"
www_fastly_com_privacy_001,"privacy policy  fastly fastly en en ja es de fr under attack? (844) 4fastly support center log in why? products services solutions devs partners resources pricing talk to an expert try fastly free en en ja es de fr menu privacy policy published on : september 29, 2025 1. introduction and scope this ...",14,0.667,0.25,0.5,Partially compliant,"(Local LLM error: Command '['ollama', 'run', 'mistral']' timed out after 120 seconds)"
www_amazon_co_uk_privacy_001,"amazon.co.uk click the button below to continue shopping continue shopping conditions of use  sale privacy notice  1996-2025, amazon.com, inc. or its affiliates",91,0.375,0.021,0.233,Likely non-compliant,"{
  ""gdpr_article"": ""Art. 5 (1)"",
  ""compliance_label"": ""Partially compliant"",
  ""explanation"": ""The paragraph does not clearly provide the identity of the data controller, which is a requirement under Article 5(1) GDPR. While it mentions Amazon.com, Inc., the specific entity responsible for handling user data in the context of amazon.co.uk should be explicitly stated.""
}"
www_wto_org_privacy_001,wto  the page cannot be found world trade organization home  about wto  news  events  trade topics  wto membership  documents  resources  external relations contact us  site map  a-z  search español français home accueil portada the page cannot be found the page you are looking for might have been r...,86,0.333,0.011,0.204,Likely non-compliant,"{
  ""gdpr_article"": ""Art. 13"",
  ""compliance_label"": ""Partially compliant"",
  ""explanation"": ""Although the paragraph provides information about the reason for data processing (searching for a page), it does not explicitly state the purpose of data collection and retention, which is required by Art. 13(1)(a). The paragraph also mentions using external search engines (Google) without specifying their privacy policies, potentially infringing on Art. 28(3)(f) regarding data protection safeguards when using third-party processors.""
}"
asana_com_privacy_001,asana user terms of service â asana asana home product chevron-down icon solutions chevron-down icon resources chevron-down icon pricing choose your preferred language bahasa indonesia deutsch english espaãol franãais italiano ææœèª íœêµì nederlands polski portuguãªs ğ ñƒññğºğğ¹ svenska ç¹éäæ contac...,14,0.5,0.041,0.317,Partially compliant,"(Local LLM error: Command '['ollama', 'run', 'mistral']' timed out after 120 seconds)"
www_theguardian_com_privacy_001,privacy  the guardian skip to main content skip to navigation print subscriptions search jobs sign in uk uk edition us edition australia edition europe edition international edition the guardian - back to home the guardian news opinion sport culture lifestyle show more hide expanded menu news view a...,64,0.583,0.052,0.371,Partially compliant,"(Local LLM error: Command '['ollama', 'run', 'mistral']' timed out after 120 seconds)"
consent_002_001,"data controller: edulearn online platform purpose: to send personalised course recommendations and newsletters. data collected: name, email, learning history. legal basis: consent. withdrawal: you can unsubscribe at any time by clicking the link in our emails. storage period: 12 months after last in...",13,0.5,0.123,0.349,Partially compliant,"{
  ""gdpr_article"": ""Art. 13 (0.12)"",
  ""compliance_label"": ""Partially compliant"",
  ""explanation"": ""The policy discloses the data controller, purpose of processing, personal data collected, legal basis for processing, and method of withdrawal. However, it does not provide clear information about the recipient or category of recipients of the personal data, which is a required element under Article 13(1) of GDPR.""
},
{
  ""gdpr_article"": ""Art. 7 (0.11)"",
  ""compliance_label"": ""Compliant"",
  ""explanation"": ""The policy provides a method for withdrawing consent by enabling users to unsubscribe from emails, as required under Article 7(3) of GDPR.""
},
{
  ""gdpr_article"": ""Art. 6 (0.10)"",
  ""compliance_label"": ""Compliant"",
  ""explanation"": ""The policy states the legal basis for processing as consent, which aligns with Article 6(1)(a) of GDPR.""
}"
slack_com_privacy_001,"privacy policy  legal  slack skip to main content features collaboration channels organise teams and work slack connect work with external partners messaging chat with your team huddles meet using audio and video clips record and share updates project management templates start any task, fast canvas...",14,0.75,0.126,0.5,Partially compliant,"(Local LLM error: Command '['ollama', 'run', 'mistral']' timed out after 120 seconds)"
www_linkedin_com_privacy_001,"linkedin privacy policy skip to main content linkedin respects your privacy linkedin and 3rd parties use essential and non-essential cookies to provide, secure, analyze and improve our services, and to show you relevant ads (including professional and job ads ) on and off linkedin. learn more in our...",13,0.75,0.208,0.533,Partially compliant,"(Local LLM error: Command '['ollama', 'run', 'mistral']' timed out after 120 seconds)"
www_dropbox_com_privacy_001,"privacy policy - dropbox skip to main content products dropbox store, share, and access files across devices replay review and approve videos faster backup automatically back up your devices reclaim.ai schedule habits, tasks, and meetings with ai dash find, organize, and protect company content docs...",14,0.625,0.117,0.422,Partially compliant,"(Local LLM error: Command '['ollama', 'run', 'mistral']' timed out after 120 seconds)"
www_monzo_com_privacy_001,customer privacy notice skip to content personal current accounts it all starts with our personal current account personal account joint account under 16s account 16-17s account see all current accounts plans upgrade your personal account from â3 a month compare plans why monzo? bank on an award-win...,14,0.75,0.133,0.503,Partially compliant,"(Local LLM error: Command '['ollama', 'run', 'mistral']' timed out after 120 seconds)"
consent_003_001,"company: fittrack app purpose: health and fitness tracking, including step count and calorie intake. data collected: name, weight, height, activity data. legal basis: explicit consent (health data). retention: data will be deleted after 6 months of inactivity. right to withdraw: through the app sett...",13,0.5,0.122,0.349,Partially compliant,"{
  ""gdpr_article"": ""3, 13, 9, 15"",
  ""compliance_label"": ""Partially compliant"",
  ""explanation"": ""The paragraph provides information about the purpose of data collection (Art. 13), the type of personal data collected (Art. 13), and the legal basis for processing special categories of personal data (Art. 9). However, it does not clearly specify the legitimate interest for processing such sensitive data beyond explicit consent. Also, while the right to withdraw consent is mentioned (Art. 15), the paragraph does not provide a clear retention period for all personal data, only for inactivity which may not cover all data types (Art. 13).""
}"
openai_com_privacy_001,eu privacy policy  openai skip to main content log in switch to chatgpt (opens in a new window) sora (opens in a new window) api platform (opens in a new window) research safety for business for developers chatgpt sora stories company news research back to main menu research index research overview ...,14,0.792,0.2,0.555,Likely compliant,"(Local LLM error: Command '['ollama', 'run', 'mistral']' timed out after 120 seconds)"
consent_001_001,"data controller: brighthealth clinics ltd. purpose of processing: patient appointment scheduling and reminders. personal data collected: full name, phone number, email address. legal basis: consent. retention period: until the patient withdraws consent or 2 years after last visit. rights: you may wi...",7,0.542,0.185,0.399,Partially compliant,"(Local LLM error: Command '['ollama', 'run', 'mistral']' timed out after 120 seconds)"
www_airbnb_com_privacy_001,"airbnb privacy - airbnb help centre skip to content were sorry, some parts of the airbnb website dont work properly without javascript enabled. help centre  home page search suggestions will show after typing in the search input. use the up and down arrows to review. use enter to select. if the sele...",13,0.417,0.012,0.255,Likely non-compliant,"{
  ""gdpr_article"": ""Art. 13"",
  ""compliance_label"": ""Partially compliant"",
  ""explanation"": ""While the privacy policy does provide information about the personal data collected, how it's used, and who it may be shared with (as required by Art. 13(1)(a)-(c)), it does not explicitly inform users about their rights as data subjects (Art. 13(2)). Specifically, it should include information about the purpose of the processing, the retention period, the existence of automated decision-making, and the right to withdraw consent (when applicable).""
}"
www_harvard_edu_privacy_001,"privacy statement - harvard university skip to main content harvard university 1 site notification learn about our lawsuits to protect our students and researchers search search quick links a to z index menu academics academics academics learning at harvard can happen for every type of learner, at a...",14,0.5,0.024,0.31,Partially compliant,"(Local LLM error: Command '['ollama', 'run', 'mistral']' timed out after 120 seconds)"
twitter_com_privacy_001,"x privacy policy skip to main content privacy policy x privacy policy effective: july 28, 2025 before you scroll, read this its really hard to make everyone happy with a privacy policy. most people who use x want something short and easy to understand. while we wish we could fit everything you need ...",14,0.625,0.164,0.441,Partially compliant,"(Local LLM error: Command '['ollama', 'run', 'mistral']' timed out after 120 seconds)"
www_digitalocean_com_privacy_001,legal - privacy policy blog docs get support contact sales digitalocean products featured products droplets scalable virtual machines kubernetes scale more effectively gradient ai agentic cloud build and scale with ai cloudways managed cloud hosting app platform get apps to market faster managed dat...,14,0.667,0.144,0.458,Partially compliant,"(Local LLM error: Command '['ollama', 'run', 'mistral']' timed out after 120 seconds)"
www_n26_com_privacy_001,privacy policy n26 english spain germany france italy austria switzerland united states united kingdom brasil europe belgium en plans personal business standard smart go metal view plans business standard business smart business go business metal view business plans bank highlights other features mo...,97,0.417,0.015,0.256,Likely non-compliant,"(Local LLM error: Command '['ollama', 'run', 'mistral']' timed out after 120 seconds)"
huggingface_co_privacy_001,"privacy policy â hugging face hugging face models datasets spaces community docs enterprise pricing log in sign up terms of service privacy policy content policy code of conduct hugging face privacy policy ğÿ effective date: march 28, 2023 we have implemented this privacy policy because your privacy...",14,0.625,0.148,0.434,Partially compliant,"(Local LLM error: Command '['ollama', 'run', 'mistral']' timed out after 120 seconds)"
policies_google_com_privacy_001,privacy policy  privacy  terms  google privacy  terms privacy  terms skip to main content sign in overview privacy policy terms of service technologies faq privacy  terms overview privacy policy data transfer frameworks key terms partners updates terms of service technologies faq privacy  terms priv...,14,0.708,0.112,0.47,Partially compliant,"(Local LLM error: Command '['ollama', 'run', 'mistral']' timed out after 120 seconds)"
www_cloudflare_com_privacy_001,"cloudflares privacy policy  cloudflare sign up languages english english (united kingdom) deutsch español (latinoamérica) español (españa) français italiano 日本語 한국어 polski português (brasil) русский 繁體中文 简体中文 platform connectivity cloud cloudflares connectivity cloud delivers 60 networking, security...",14,0.75,0.143,0.507,Partially compliant,"(Local LLM error: Command '['ollama', 'run', 'mistral']' timed out after 120 seconds)"
www_roche_com_privacy_001,roche  privacy notice skip to content stories careers about roche about roche strategy business sustainability leadership governance history solutions solutions focus areas pharma solutions diagnostic solutions pipeline innovation innovation team  structure innovation process ethical standards partn...,13,0.792,0.263,0.58,Likely compliant,"(Local LLM error: Command '['ollama', 'run', 'mistral']' timed out after 120 seconds)"
www_tcd_ie_privacy_001,"privacy -  trinity college dublin skip to content menu search search students courses research faculties  schools alumni a-z gaeilge search text search privacy notice this is a statement of the practices of trinity college dublin, the university of dublin ( trinity college  / t he university ) of co...",17,0.792,0.276,0.585,Likely compliant,"(Local LLM error: Command '['ollama', 'run', 'mistral']' timed out after 120 seconds)"
www_jnj_com_privacy_001,skip to content discover jj medicines  therapies medical devices  technology discover jj medicines  therapies medical devices  technology locationplaceholder languageplaceholder english español choose your country or region us english español canada english français privacy program privacy statement...,14,0.542,0.077,0.356,Partially compliant,"(Local LLM error: Command '['ollama', 'run', 'mistral']' timed out after 120 seconds)"
www_easyjet_com_privacy_001,easyjets privacy notice  easyjet privacy policy skip to main page content sign in flight info flight information flight tracker - arrivals and departures last minute flight deals where can i fly? latest travel information airport transfers fast track security connections by easyjet group bookings fl...,14,0.5,0.048,0.319,Partially compliant,"{
  ""gdpr_article"": ""Art. 13"",
  ""compliance_label"": ""Partially compliant"",
  ""explanation"": ""The privacy policy provides information about the collection, use, sharing and retention of personal data. However, it does not seem to explicitly inform data subjects about their rights (e.g., right to access, right to rectification, right to erasure) at the time of data collection. According to Art. 13(2), these rights should be communicated 'in a concise, transparent, intelligible and easily accessible form'.""
},
{
  ""gdpr_article"": ""Art. 14"",
  ""compliance_label"": ""Partially compliant"",
  ""explanation"": ""The privacy policy directs users to click on icons or download a full copy of the privacy notice to learn more about data processing. Art. 14(2)(b) requires that information be provided 'at the time when personal data are obtained from the data subject' (unless it has already been disclosed to the data subject in accordance with Art. 13).""
}"
www_salesforce_com_privacy_001,salesforce privacy information  salesforce skip to content privacy information trust is our 1 value. salesforces top priority is the security and privacy of the data that we are entrusted to protect. see privacy statement learn about our commitment to privacy how we protect our customers data as a p...,14,0.833,0.326,0.631,Likely compliant,"(Local LLM error: Command '['ollama', 'run', 'mistral']' timed out after 120 seconds)"
www_heroku_com_privacy_001,salesforce privacy information  salesforce skip to content privacy information trust is our 1 value. salesforces top priority is the security and privacy of the data that we are entrusted to protect. see privacy statement learn about our commitment to privacy how we protect our customers data as a p...,14,0.833,0.326,0.631,Likely compliant,"(Local LLM error: Command '['ollama', 'run', 'mistral']' timed out after 120 seconds)"
www_canada_ca_privacy_001,privacy - canada.ca skip to main content skip to about government language selection français fr / gouvernement du canada search search canada.ca search menu main menu jobs and the workplace immigration and citizenship travel and tourism business and industry benefits health taxes environment and na...,14,0.708,0.057,0.448,Partially compliant,"(Local LLM error: Command '['ollama', 'run', 'mistral']' timed out after 120 seconds)"
www_politico_eu_privacy_001,politico privacy policy  politico skip to main content menu search for: submit edition: europe europe uk france germany us policy areas agriculture and food central banker competition and industrial policy cybersecurity and data protection defense energy and climate energy and climate uk energie et ...,13,0.667,0.169,0.468,Partially compliant,"(Local LLM error: Command '['ollama', 'run', 'mistral']' timed out after 120 seconds)"
www_coinbase_com_privacy_001,"coinbase global privacy policy skip to content skip to site index dont invest unless youre prepared to lose all the money you invest. this is a high-risk investment and you should not expect to be protected if something goes wrong. take 2 mins to learn more explore individuals  buy and sell buy, sel...",14,0.667,0.126,0.45,Partially compliant,"(Local LLM error: Command '['ollama', 'run', 'mistral']' timed out after 120 seconds)"
www_airtable_com_privacy_001,airtable privacy policy - airtable airtable home or view your bases platform platform platform  products airtable platform unlock the power of a next-gen app-building platform ai app building new enable teams to build custom business appsno code needed ai agents new deploy thousands of agents inside...,14,0.708,0.175,0.495,Partially compliant,"(Local LLM error: Command '['ollama', 'run', 'mistral']' timed out after 120 seconds)"
aws_amazon_com_privacy_001,"aws privacy (chromeless) skip to main content filter: all english contact us aws marketplace support my account search filter: all sign in to console create account privacy notice last updated: october 16, 2025 view the prior version of this privacy notice. this privacy notice describes how we colle...",14,0.875,0.143,0.582,Likely compliant,"(Local LLM error: Command '['ollama', 'run', 'mistral']' timed out after 120 seconds)"
www_pepsico_com_privacy_001,privacy who we are 1-atoms/icons/close@3x who we are who we are about pepsico mission  vision our leadership awards our commitments pepsico positive global code of conduct corporate governance learn more frito-lay 1-atoms/icons/minus/black copy@3x careers at pepsico 1-atoms/icons/minus/black copy@3x...,14,0.542,0.127,0.376,Partially compliant,"(Local LLM error: Command '['ollama', 'run', 'mistral']' timed out after 120 seconds)"
azure_microsoft_com_privacy_001,microsoft azure legal information  microsoft azure this is the trace id: 09db4d7c7a523d1caf0977d6affba5b7 skip to main content microsoft azure azure azure home explore products popular popular view all products (200) azure ai foundry azure ai foundry agent service azure openai in foundry models azur...,4,0.5,0.012,0.305,Partially compliant,"(Local LLM error: Command '['ollama', 'run', 'mistral']' timed out after 120 seconds)"
www_un_org_privacy_001,"privacy notice  united nations skip to main content toggle navigation welcome to the united nations العربية 中文 nederlands english français kreyòl हनद bahasa indonesia polski português русский español kiswahili türkçe українська peace, dignity and equality on a healthy planet search the united nation...",13,0.542,0.197,0.404,Partially compliant,"(Local LLM error: Command '['ollama', 'run', 'mistral']' timed out after 120 seconds)"
wordpress_privacy_001,"privacy policy wordpress.org websites (collectively wordpress.org in this document) refer to sites hosted on the wordpress.org, wordpress.net, wordcamp.org, buddypress.org, bbpress.org, and other related domains and subdomains thereof. this privacy policy describes how wordpress.org uses and protect...",13,0.542,0.069,0.353,Partially compliant,"(Local LLM error: Command '['ollama', 'run', 'mistral']' timed out after 120 seconds)"
www_trello_com_privacy_001,privacy policy  atlassian close view this page in your language ? all languages choose your language 中文 deutsch english español français italiano 한국어 nederlands 日本語 português pусский polski get it free products featured developers product managers it professionals business teams leadership teams fea...,14,0.833,0.147,0.559,Likely compliant,"(Local LLM error: Command '['ollama', 'run', 'mistral']' timed out after 120 seconds)"
www_nasa_gov_privacy_001,"nasa web privacy policy and important notices - nasa due to the lapse in federal government funding, nasa is not updating this website. explore search news  events news  events news releases recently published video series on nasa podcasts  audio blogs newsletters social media media resources events...",8,0.542,0.046,0.343,Partially compliant,"(Local LLM error: Command '['ollama', 'run', 'mistral']' timed out after 120 seconds)"
www_hulu_com_privacy_001,"disney  stream movies, tv shows, documentaries  more  u.s. site log in stream  scream with halloween favorites new  upcoming from disney and hulu streaming october 29 streaming october 29 top 10 in the us today 1993 1993 2025 2022 2012 2015 2025 2025 2001 2003 choose your plan use the drop-down menu...",12,0.417,0.011,0.254,Likely non-compliant,"(Local LLM error: Command '['ollama', 'run', 'mistral']' timed out after 120 seconds)"
www_gsk_com_privacy_001,"general privacy notice you are leaving the site you are about to leave a gsk website. by clicking this link, you will be taken to a website that is independent from gsk. the site you are linking to is not controlled or endorsed by gsk and gsk is not responsible for the content provided on that site....",14,0.667,0.138,0.455,Partially compliant,"(Local LLM error: Command '['ollama', 'run', 'mistral']' timed out after 120 seconds)"
www_who_int_privacy_001,privacy policy skip to main content global regions who regional websites africa americas south-east asia europe eastern mediterranean western pacific when autocomplete results are available use up and down arrows to review and enter to select. select language select language english العربية 中文 franç...,13,0.5,0.121,0.348,Partially compliant,"(Local LLM error: Command '['ollama', 'run', 'mistral']' timed out after 120 seconds)"
www_mayoclinic_org_privacy_001,privacy policy - mayo clinic skip to content care at mayo clinic patient-centered care about mayo clinic request appointment find a doctor locations clinical trials connect to support groups patient  visitor guide billing  insurance departments  centers international services contact us patient  vis...,14,0.75,0.092,0.487,Partially compliant,"(Local LLM error: Command '['ollama', 'run', 'mistral']' timed out after 120 seconds)"
vercel_com_privacy_001,"privacy policy products ai cloud ai sdk the ai toolkit for typescript ai gateway one endpoint, all your models vercel agent an agent that knows your stack core platform ci/cd helping teams ship 6 faster content delivery fast, scalable, and reliable fluid compute servers, in serverless form observabi...",14,0.75,0.195,0.528,Partially compliant,"(Local LLM error: Command '['ollama', 'run', 'mistral']' timed out after 120 seconds)"
www_atlassian_com_privacy_001,privacy policy  atlassian close view this page in your language ? all languages choose your language 中文 deutsch english español français italiano 한국어 nederlands 日本語 português pусский polski get it free products featured developers product managers it professionals business teams leadership teams fea...,14,0.833,0.147,0.559,Likely compliant,"(Local LLM error: Command '['ollama', 'run', 'mistral']' timed out after 120 seconds)"
edition_cnn_com_privacy_001,b2c  wbd privacy center b2c  wbd privacy center processing error  close privacy center our privacy approach privacy policy terms of use cookie settings tm   2025 all rights reserved.,6,0.417,0.024,0.26,Likely non-compliant,"(Local LLM error: Command '['ollama', 'run', 'mistral']' timed out after 120 seconds)"
www_paypal_com_privacy_001,"paypal privacy statement menu back to home page download printable pdf paypal privacy statement paypal privacy statement last updated on february 13, 2025 overview paypal, inc. (we, our, us, paypal) provides this privacy statement to describe our use of your personal information when you use your pa...",14,0.667,0.115,0.446,Partially compliant,"(Local LLM error: Command '['ollama', 'run', 'mistral']' timed out after 120 seconds)"
www_lyft_com_privacy_001,"lyft privacy policy driver rider business sign up en select language english español (estados unidos) français (canada) select language english español (estados unidos) français (canada) lyft privacy policy last updated: december 13, 2024 to power lyft and your experience, we need to collect, use, a...",14,0.542,0.072,0.354,Partially compliant,"(Local LLM error: Command '['ollama', 'run', 'mistral']' timed out after 120 seconds)"
zapier_com_privacy_001,"zapier privacy policy skip to content products zapier automation platform no-code automation across 8,000 apps products zaps do-it-yourself automation for workflows tables databases designed for workflows interfaces custom pages to power your workflows capabilities app integrations explore 8,000 app...",14,0.583,0.128,0.401,Partially compliant,"(Local LLM error: Command '['ollama', 'run', 'mistral']' timed out after 120 seconds)"
www_heart_org_privacy_001,not found  american heart association  american heart association skip to main content alert 2025 guidelines for cpr and ecc released top 10 things to know  heart attack and stroke symptoms volunteer learn cpr shopheart donate once donate monthly donate search close menu trending search find my cpr ...,80,0.375,0.045,0.243,Likely non-compliant,"{
  ""gdpr_article"": ""Art. 87"",
  ""compliance_label"": ""Partially compliant"",
  ""explanation"": ""The privacy policy provides a contact information for data subjects to exercise their rights, including but not limited to Articles 12-22 of GDPR (Right of Access, Rectification, Erasure, etc.). However, the specific process for handling these requests is not clearly specified. Thus, it's partially compliant with Article 87.""
}"
www_lse_ac_uk_privacy_001,privacy policy browser does not support script. skip to content london school of economics and political science search menu lse information toggle navigation accessibility statement privacy policy report a page terms of use cookie policy campus map travelling to lse trending at lse welcome informat...,13,0.5,0.086,0.335,Partially compliant,"{
  ""gdpr_article"": ""13"",
  ""compliance_label"": ""Partially compliant"",
  ""explanation"": ""While the privacy policy provides information about the collection and use of personal data, it does not explicitly inform users about their rights under Articles 13(1)(a) to (f), such as the purpose of processing, the legal basis for processing, the recipients or categories of recipients of the personal data, the period for which the personal data will be stored, and the existence of automated decision-making, including profiling. However, some of this information is provided in other sections, such as 5.2.1, 5.3.1, and 5.4.1.""
}"
cloud_google_com_privacy_001,"privacy resource center  google cloud privacy resource center at google cloud, we create trust through transparency. these google cloud enterprise privacy commitments describe how we protect the privacy of google cloud platform and google workspace customers. get started for free your privacy is our...",13,0.417,0.038,0.265,Likely non-compliant,"(Local LLM error: Command '['ollama', 'run', 'mistral']' timed out after 120 seconds)"
www_mit_edu_privacy_001,privacy  mit - massachusetts institute of technology skip to content  massachusetts institute of technology education research innovation admissions  aid campus life news alumni about mit lifelong learning give more  admissions  aid campus life news alumni about mit lifelong learning give menu  sear...,14,0.75,0.077,0.481,Partially compliant,"(Local LLM error: Command '['ollama', 'run', 'mistral']' timed out after 120 seconds)"
www_yale_edu_privacy_001,"privacy statement  university privacy office skip to main content yale university open main navigation close main navigation university privacy office home resources protecting your privacy home  resources  privacy statement privacy statement yale university privacy statement yale university, (yale ...",14,0.583,0.12,0.398,Partially compliant,"(Local LLM error: Command '['ollama', 'run', 'mistral']' timed out after 120 seconds)"
www_fitbit_com_privacy_001,"before you continue sign in sign in before you continue to google we use cookies and data to deliver and maintain google services track outages and protect against spam, fraud and abuse measure audience engagement and site statistics to understand how our services are used and enhance the quality of...",14,0.458,0.03,0.287,Likely non-compliant,"(Local LLM error: Command '['ollama', 'run', 'mistral']' timed out after 120 seconds)"
www_stanford_edu_privacy_001,online privacy policy  stanford university skip to content stanford university information for: students faculty  staff families visitors alumni search menu academics research health care campus life athletics admission about news events search term search stanford: web people search web other ways ...,13,0.792,0.203,0.556,Likely compliant,"(Local LLM error: Command '['ollama', 'run', 'mistral']' timed out after 120 seconds)"
www_netlify_com_privacy_001,"privacy policy  netlify site navigation go to homepage skip to content search log in toggle main menu platform toggle platform submenu the netlify platform your app, live instantly. from ai tools or git to global deployment in seconds. everything included. explore the platform key features deploy pr...",13,0.833,0.212,0.585,Likely compliant,"(Local LLM error: Command '['ollama', 'run', 'mistral']' timed out after 120 seconds)"
www_coursera_org_privacy_001,"privacy notice  coursera log in join for free privacy notice u.s. state privacy laws notice data protection addendum cookies policy terms of use privacy notice effective: october 13, 2025. key information coursera, inc. is the data controller of the personal data we collect about you (i.e., the enti...",13,0.667,0.238,0.495,Partially compliant,"(Local LLM error: Command '['ollama', 'run', 'mistral']' timed out after 120 seconds)"
www_ucl_ac_uk_privacy_001,privacy  legal services - ucl  university college london close study research engage about give legal services home home privacy disclaimer ucl data protection ucl home legal services privacy privacy human rights related resources general privacy policy privacy notice for covid-19 nhs test  trace da...,4,0.542,0.063,0.35,Partially compliant,"(Local LLM error: Command '['ollama', 'run', 'mistral']' timed out after 120 seconds)"
www_tiktok_com_privacy_001,"privacy policy  tiktok eea/uk/ch privacy policy effective date: 04 december 2024 introduction this privacy policy ( privacy policy ) applies to the personal information that tiktok processes in connection with tiktok apps, websites, software and related services (the  platform ), that link to or ref...",14,0.792,0.158,0.538,Partially compliant,"(Local LLM error: Command '['ollama', 'run', 'mistral']' timed out after 120 seconds)"
www_cdc_gov_privacy_001,cdc digital media channel privacy policy notice  other  cdc skip directly to site content skip directly to search español  other languages an official website of the united states government heres how you know official websites use .gov a .gov website belongs to an official government organization i...,14,0.583,0.065,0.376,Partially compliant,"(Local LLM error: Command '['ollama', 'run', 'mistral']' timed out after 120 seconds)"
www_loreal_com_privacy_001,subcategorytitle: privacy policy for consumers go to content go to footer journalists suppliers investors  shareholders loréal groupe stock) or.pa  374.70 -0.15% group back group who we are our purpose our purpose back our purpose our purpose essentiality of beauty strategy  model quality  safety st...,13,0.625,0.228,0.466,Partially compliant,"(Local LLM error: Command '['ollama', 'run', 'mistral']' timed out after 120 seconds)"
zoom_us_privacy_001,zoom privacy statement  zoom back products zoom workplace collaboration tools in an ai-first work platform. learn more learn more business services deliver personalized and seamless customer experiences. learn more learn more communication meetings video conferencing for teams meetings team chat sea...,14,0.792,0.111,0.519,Partially compliant,"(Local LLM error: Command '['ollama', 'run', 'mistral']' timed out after 120 seconds)"
www_nhs_uk_privacy_001,your privacy on the nhs website - nhs skip to main content search the nhs website search health a to z nhs services live well mental health care and support pregnancy home browse more home our policies back to our policies your privacy on the nhs website our privacy policy your privacy is important ...,14,0.708,0.189,0.501,Partially compliant,"(Local LLM error: Command '['ollama', 'run', 'mistral']' timed out after 120 seconds)"
www_coca-cola_com_privacy_001,"privacy policy skip to content welcome to the cocacola consumer privacy policy the cocacola company and its affiliates (together, cocacola or we ) take your right to privacy seriously. we appreciate that you trust us with your personal information and respecting your privacy is at the core of our in...",14,0.75,0.176,0.52,Partially compliant,"(Local LLM error: Command '['ollama', 'run', 'mistral']' timed out after 120 seconds)"
wise_com_privacy_001,"privacy notices - wise personal wise account the international account for sending, spending and converting money like a local. explore features send money send large amounts receive money get a debit card earn returns pricing personal pricing business wise business the only account your start-up or...",48,0.458,0.028,0.286,Likely non-compliant,"{
  ""gdpr_article"": ""Art. 48"",
  ""compliance_label"": ""Partially compliant"",
  ""explanation"": ""The privacy policy provides a link to the privacy notice, however it does not explicitly specify which specific data processing activities are described in that notice. As per Art. 48 (1) GDPR, the data subject should be informed of the purpose of the processing of his or her personal data.""
},
{
  ""gdpr_article"": ""Art. 50"",
  ""compliance_label"": ""Compliant"",
  ""explanation"": ""The privacy policy provides a link to the privacy notice, fulfilling the requirement for a clear and easily accessible communication of information (Art. 50 (1) GDPR).""
},
{
  ""gdpr_article"": ""Art. 44"",
  ""compliance_label"": ""Non-compliant"",
  ""explanation"": ""The privacy policy does not explicitly state that all data transfers to third countries or international organizations will be subject to appropriate safeguards (Art. 44 GDPR). This could include provisions such as Standard Contractual Clauses, Binding Corporate Rules, or adequacy decisions.""
}"
www_healthline_com_privacy_001,healthline privacy notice healthline health conditions health conditions all breast cancer cancer care caregiving for alzheimers disease chronic kidney disease chronic obstructive pulmonary disease (copd) digestive health eye health heart health menopause mental health migraine multiple sclerosis (m...,9,0.375,0.075,0.255,Likely non-compliant,"{
  ""gdpr_article"": ""Art. 9"",
  ""compliance_label"": ""Partially compliant"",
  ""explanation"": ""The privacy policy does not provide a clear and specific purpose for processing personal data related to health conditions as per Art. 9(1)(a). However, it mentions that the data is used for informational purposes only (Art. 4(1)), which could justify some processing under certain circumstances. The company also states that they do not provide medical advice, diagnosis or treatment, implying a limitation in their data processing activities.""
}"
